{"cameraMode":{"drawMode":0,"name":"Shaded","section":"Shading Mode"},"sceneLighting":true,"audioPlay":false,"sceneViewState":{"showFog":true,"showMaterialUpdate":false,"showSkybox":true,"showFlares":true,"showImageEffects":true,"showParticleSystems":true},"in2DMode":false,"pivot":{"x":3.7091362476348879,"y":-0.6111063957214356,"z":2.6591856479644777},"rotation":{"x":-0.022749481722712518,"y":0.9436127543449402,"z":-0.32353729009628298,"w":-0.06635002791881561},"size":4.711437702178955,"orthographic":false}