{"cameraMode":{"drawMode":0,"name":"Shaded","section":"Shading Mode"},"sceneLighting":true,"audioPlay":false,"sceneViewState":{"showFog":true,"showMaterialUpdate":false,"showSkybox":true,"showFlares":true,"showImageEffects":true,"showParticleSystems":true},"in2DMode":false,"pivot":{"x":9.603187561035157,"y":1.3155975341796876,"z":28.774112701416017},"rotation":{"x":0.28318265080451968,"y":-0.6766486763954163,"z":0.31938013434410097,"w":0.5999600887298584},"size":502.292724609375,"orthographic":false}